,PTY_PROFILE_SUB_TYPE,SOCIO_ECONOMIC_SEGMENT,PARTY_NATIONALITY,PARTY_GENDER_CD,TARGET,YEAR_JOINED,CURRENT_YEAR,BILL_AMOUNT,PAID_AMOUNT,PAYMENT_TRANSACTIONS,PARTY_REV,PREPAID_LINES,POSTPAID_LINES,OTHER_LINES,LINE_REV,STATUS,MOUS_TO_LOCAL_MOBILES,MOUS_FROM_LOCAL_MOBILES,MOUS_TO_LOCAL_LANDLINES,MOUS_FROM_LOCAL_LANDLINES,MOUS_TO_INT_NUMBER,MOUS_FROM_INT_NUMBER,DATA_IN_BNDL,DATA_OUT_BNDL,DATA_USG_PAYG,COMPLAINTS,Years_stayed
258631,Residential,EXPATS,Sri Lanka,M,0,2012,2019,58.39904574,68.33333333,1,538.245,0,3,0,53.06166667,ACTIVE,18.25,14.86,2.435,0.89,0,0,96.9140625,0,0,0,7
258632,Prestige,EXPATS,India,M,0,2012,2019,768.9404584,777.27,1,1408.551667,3,1,1,719.8966667,ACTIVE,100.69,10.425,21.23,69.18,129.465,59.33,443.0068359,0,0,0,7
258633,Residential,EXPATS,Canada,M,0,2012,2019,290.5849945,279.695,1,3131.985,4,5,2,253.5266667,ACTIVE,105.33,5.165,7.71,3.16,6.645,2.685,9349.12793,0,0,0,7
258634,Residential,EXPATS,India,M,0,2012,2019,320.5072239,249.09,1,507.8333333,0,1,1,208.6833333,ACTIVE,211.46,259.185,6.46,168.42,1.515,1.425,0,0,90.5,0,7
258635,Residential,EXPATS,South Africa,M,0,2012,2019,236.9583153,281.6666667,2,653.995,1,2,0,240.3133333,ACTIVE,23.84,46.015,20.385,10.685,0.085,0.025,4121.818359,0,0,0,7
258636,Residential,EXPATS,India,M,0,2012,2019,175.0644119,194.3816667,1,706.43,2,1,1,185.3433333,ACTIVE,192.645,29.075,24.345,29.265,8.49,0.315,749.4140625,0,0,0,7
258637,Residential,EXPATS,United States of America,M,0,2012,2019,213.0933956,248.3,1,497.9383333,1,2,0,246.7016667,ACTIVE,341.26,424.045,39.685,30.285,23.655,0.29,1172.652344,0,0,0,7
258638,Residential,EXPATS,Egypt,M,0,2012,2019,213.9999561,169.4133333,1,609.6166667,0,1,1,133.1233333,ACTIVE,221.585,341.505,40.755,154.6,0,0.45,4.795410156,0,0,0,7
258639,Residential,EXPATS,Iran,M,0,2012,2019,94.91031409,95,1,967.1466667,4,1,2,107.2,ACTIVE,38.51,74.425,0.975,36.985,41.75,3.85,0,0,0,0,7
258640,Residential,YOUTH,India,F,0,2012,2019,554.1778136,582.4383333,1,551.32,0,1,0,551.32,ACTIVE,328.49,345.465,113.125,157.29,65.925,56.54,10163.02588,0,0,0,7
258641,Residential,EXPATS,Turkey,M,0,2012,2019,613.3892937,570.55,1,626.1433333,1,1,2,626.1433333,ACTIVE,105.005,39.025,18.515,39.42,12.88,10.99,12015.84668,0,0,0,7
258642,Residential,EXPATS,Palestinian Territory,M,0,2012,2019,106.2905814,111.6416667,1,443.1433333,0,3,0,108.4766667,ACTIVE,1.725,0.295,0,0.21,0,0,29.60449219,0,0,0,7
258643,Residential,EXPATS,Tunisia,M,0,2012,2019,207.5655302,304.6716667,2,831.9316667,1,1,1,208.2583333,ACTIVE,33.085,0.985,0,76.53,31.135,72.35,66.45654297,0,0,0,7
258644,Prestige,EMIRATI,United Arab Emirates,F,0,2012,2019,1071.640685,1203.215,1,1177.481667,1,1,0,1135.145,ACTIVE,2025.085,89.155,29.12,34.37,24.46,0.37,8327.34375,0,0,0,7
258645,Residential,EMIRATI,United Arab Emirates,M,0,2012,2019,659.0819718,701.6783333,1,2987.008333,2,3,1,652.5466667,ACTIVE,902.405,82.485,58.575,105.215,43.875,37.35,12150.62305,0,0,0,7
258646,Residential,EMIRATI,United Arab Emirates,M,0,2012,2019,594.8291481,604.1233333,1,1559.346667,1,3,1,588.55,ACTIVE,1079.94,29.28,60.135,31.025,0,0,20773.98193,0,0,0,7
258647,Residential,EXPATS,Pakistan,M,0,2012,2019,345.2893871,370.5,2,1963.408333,3,2,1,358.0933333,ACTIVE,0,0,0,0,0,0,0.008300781,0,0,0,7
258648,Prestige,EXPATS,Iraq,M,0,2012,2019,775.1021798,847.3383333,1,3224.38,2,2,1,844.025,ACTIVE,756.745,123.465,46.44,42.625,6.55,0.415,14472.78076,0,0,0,7
258649,Prestige,EXPATS,Iraq,M,0,2012,2019,1483.150281,1788.208333,1,3224.38,2,2,1,1603.79,ACTIVE,1032.375,67.285,54.265,56.3,96.995,11.375,20103.66211,0,0,0,7
258650,Residential,EXPATS,Syrian Arab Republic,M,0,2012,2019,169.3206598,166.5416667,1,1626.323333,8,4,1,155.0833333,ACTIVE,100.255,8.74,8.725,0.34,50.125,0,93.03222656,0,0,0,7
258651,Residential,EMIRATI,United Arab Emirates,M,0,2012,2019,72.65842823,74.5,1,139.79,0,3,0,76.36666667,ACTIVE,18.535,0,0.24,0,0,0,0,0,0,1,7
258652,Residential,EXPATS,Yemen,M,0,2012,2019,150.7764457,168.0333333,1,596.135,5,1,1,154.255,ACTIVE,20.175,35.53,5.15,25.785,85.175,0.67,13345.68701,0,0,0,7
258653,Residential,EXPATS,Lebanon,M,0,2012,2019,152.8173239,161.895,1,494.2716667,1,1,1,153.6383333,ACTIVE,35.305,59.97,3.865,8.14,68.29,0,1824.213867,0,0,0,7
258654,Residential,EXPATS,Philippines,M,0,2012,2019,331.9432591,350.0083333,3,1148.32,1,3,1,321.4766667,ACTIVE,51.39,79.945,11.485,23.76,1.2,0,4148.479004,0,0,0,7
258655,Residential,EXPATS,Jordan,M,0,2012,2019,310.3742116,285.475,5,852.9366667,1,2,0,297.8066667,ACTIVE,193.89,151.82,12.47,62.15,20.7,0,1837.09375,0,0,0,7
258656,Residential,EXPATS,Palestinian Territory,M,0,2012,2019,149.1548557,40.7,1,714.4666667,5,2,1,150.0266667,ACTIVE,6.535,1.74,0,0.235,0,0,0,0,0,0,7
258657,Residential,EXPATS,France,M,0,2012,2019,150.9850753,181.9433333,1,498.265,2,1,1,195.5616667,ACTIVE,675.15,304.085,21.35,70.835,0.035,2.685,6927.136719,0,0,1,7
258658,Residential,EXPATS,Oman,M,0,2012,2019,309.8529744,288.3333333,2,1383.09,0,2,4,253.3066667,ACTIVE,13.925,19.44,0,100.06,216.595,78.49,0,0,0,0,7
258659,Residential,EXPATS,Jordan,F,0,2012,2019,690.6161298,670.0216667,1,644.4016667,1,1,0,632.2133333,ACTIVE,518.415,412.235,237.41,185.66,0,0,8624.258301,0,0,1,7
258660,Prestige,EXPATS,India,M,0,2012,2019,911.9487975,800.9416667,1,1377.721667,0,1,1,763.1283333,ACTIVE,416.375,279.265,56.63,149.02,115.725,25.185,1243.549805,0,0,0,7
258661,Residential,EMIRATI,United Arab Emirates,F,0,2012,2019,626.8223731,679.8116667,2,799.865,2,2,0,653.2116667,ACTIVE,249.925,314.88,83.15,44.635,0,1.09,10294.63086,0,0,0,7
258662,Residential,EMIRATI,United Arab Emirates,F,0,2012,2019,348.8476619,374.6533333,2,797.5033333,0,2,1,383.31,ACTIVE,383.46,327.805,60.815,26.435,4.405,0.01,5163.789551,0,0,0,7
258663,Residential,EXPATS,Pakistan,M,0,2012,2019,296.3635321,285.8733333,1,826.945,1,2,1,325.1733333,ACTIVE,346.08,444.735,14.565,123.005,178.755,5.01,4566.600586,0,0,0,7
258664,Prestige,EMIRATI,United Arab Emirates,F,0,2012,2019,1627.560793,1513.53,1,2117.783333,6,1,0,1430.758333,ACTIVE,1077.135,33.04,74.09,21.25,10.015,2.11,17070.05469,0,0,0,7
258665,Residential,EXPATS,Poland,F,0,2012,2019,184.2966784,161.54,1,716.8433333,0,1,1,157.3883333,ACTIVE,4.8,31.365,3.66,17.6,1.16,0,2074.309082,0,0,0,7
258666,Residential,YOUTH,United Arab Emirates,M,0,2012,2019,32.15747344,34.61833333,1,887.915,1,2,0,33.16833333,ACTIVE,0,0,0,0,0,0,0,0,0,0,7
258667,Residential,EXPATS,Iran,M,0,2012,2019,239.4200023,256.055,1,1146.865,2,4,1,233.0983333,ACTIVE,65.245,39.185,8.49,80.165,47.68,64.255,95.77441406,0,0,1,7
258668,Residential,EXPATS,Jordan,M,0,2012,2019,654.1522579,658.3333333,2,559.83,0,1,0,559.83,ACTIVE,71.03,3.1,16.39,0.025,0,0,331.9921875,0,0,0,7
258669,Residential,EXPATS,Syrian Arab Republic,M,0,2012,2019,353.6289011,381.3016667,1,668.8466667,1,2,0,368.81,ACTIVE,295.925,14.82,48.17,2.08,86.59,0,880.0195313,0,0,0,7
258670,Residential,EXPATS,Iran,M,0,2012,2019,398.7557262,409.1516667,1,1626.781667,0,2,7,396.385,ACTIVE,192.4,24.91,19.235,44.94,28.715,19.505,849.375,0,0,0,7
258671,Residential,EXPATS,Iran,M,0,2012,2019,144.4237587,157.5,1,200.445,2,2,0,150,ACTIVE,184.55,2.765,0.5,0.675,0,0,3887.8125,0,0,0,7
258672,Residential,EXPATS,United States of America,M,0,2012,2019,257.2552237,258.2966667,1,250.8466667,0,1,0,250.8466667,ACTIVE,173.69,126.13,140.89,64.15,1.94,1.935,639.9487305,0,0,0,7
258673,Residential,EXPATS,Iran,M,0,2012,2019,203.0708395,208.26,1,1626.781667,0,2,7,198.1366667,ACTIVE,417.76,431.7,25.535,84.88,0,2.34,1918.725586,0,0,0,7
258674,Residential,EXPATS,Jordan,M,0,2012,2019,245.4229406,264.1683333,2,1478.233333,0,4,0,251.5866667,ACTIVE,236.185,110.295,3.035,3.59,205.82,0,6069.594727,0,0,0,7
258675,Residential,EMIRATI,United Arab Emirates,F,0,2012,2019,477.7793537,401.6666667,1,1130.87,0,2,0,458.2166667,ACTIVE,382.475,229.86,81.77,98.03,94.555,52.8,1145.712891,0,0,0,7
258676,Residential,EMIRATI,United Arab Emirates,M,0,2012,2019,49.34731336,52.5,1,4577.568333,0,6,1,50,ACTIVE,0,0,0,0,0,0,0,0,0,0,7
258677,Residential,YOUTH,United Arab Emirates,M,0,2012,2019,466.1317363,610.8333333,2,1264.035,2,1,0,620.2,ACTIVE,55.275,60.76,1.72,12.725,0,1.19,7545.600098,0,0,0,7
258678,Prestige,EMIRATI,United Arab Emirates,F,0,2012,2019,1330.606306,1766.765,2,5698.17,4,4,1,1364.736667,ACTIVE,733.69,599.02,77.61,53.585,14.075,2.275,5881.217285,0,0,0,7
258679,Residential,EXPATS,India,M,0,2012,2019,203.2172253,216.1416667,1,696.4,0,1,1,199.7133333,ACTIVE,160.55,29.115,1.225,55.53,77.875,27.185,3980.068359,0,0,0,7
258680,Residential,EMIRATI,United Arab Emirates,M,0,2012,2019,194.0495788,174.4466667,1,474.7916667,0,3,0,152.9833333,ACTIVE,291.195,1.88,0.895,2.425,0,0,4109.187012,0,0,0,7
258681,Prestige,EMIRATI,United Arab Emirates,F,0,2012,2019,713.5025957,733.69,3,1047.966667,1,2,0,709.6216667,ACTIVE,1052.185,1072.825,3.25,51.475,1.605,0,9711.017578,0,0,0,7
258682,Residential,EXPATS,Saudi Arabia,M,0,2012,2019,419.8606306,497.7066667,1,1508.608333,4,3,1,480.1533333,ACTIVE,88.67,9.425,24.14,14.335,39.17,13.915,431.7973633,0,0,0,7
258683,Prestige,EXPATS,Egypt,F,0,2012,2019,703.3578185,733.3333333,2,983.8266667,3,2,0,767.235,ACTIVE,794.375,48.41,50.675,22.335,50.27,2.11,5294.155762,0,0,0,7
258684,Residential,EXPATS,India,F,0,2012,2019,350.3230354,349.7716667,1,343.01,1,1,0,335.84,ACTIVE,269.185,320.73,47.87,113.61,156.45,16.84,5798.306152,0,0,0,7
258685,Residential,EXPATS,Lebanon,M,0,2012,2019,438.2018678,520.7933333,1,1661.446667,2,3,1,515.8,ACTIVE,218.04,29.925,31.175,42.42,141.79,21.305,2221.777344,0,0,0,7
258686,Residential,EXPATS,Pakistan,F,0,2012,2019,709.3778874,757.24,2,1074.27,0,1,1,714.97,ACTIVE,940.325,309.495,78.425,201.005,126.46,76.125,7572.258301,0,0,0,7
258687,Residential,EXPATS,Lebanon,M,0,2012,2019,264.3714149,279.2483333,1,610.7333333,0,2,1,261.6733333,ACTIVE,299.025,254.475,21.905,171.835,0,112.87,3370.704102,0,0,0,7
258688,Prestige,EMIRATI,United Arab Emirates,F,0,2012,2019,642.5226788,712.3733333,1,1070.5,0,1,1,771.5,ACTIVE,309.575,8.21,24.325,10.415,0,0,10739.78027,0,0,0,7
258689,Residential,EMIRATI,United Arab Emirates,M,0,2012,2019,297.2505225,276.1033333,1,2532.18,2,7,1,280.9966667,ACTIVE,533.925,288.72,5.345,6.475,0,0.015,11661.0918,0,0,0,7
258690,Residential,EMIRATI,United Arab Emirates,F,0,2012,2019,301.6322761,300.8333333,1,283.1116667,0,1,0,283.1116667,ACTIVE,58.885,15.125,14.68,9.51,0,1.375,4022.900391,0,0,0,7
258691,Residential,EXPATS,Lebanon,M,0,2012,2019,275.1435506,350.1283333,1,2522.548333,0,4,1,340.6433333,ACTIVE,760.81,169.54,98.32,48.945,0,0.31,8570.666992,0,0,0,7
258692,Residential,EXPATS,United Kingdom,M,0,2012,2019,228.6479808,205.3533333,1,191.795,0,1,0,191.795,ACTIVE,3.475,34.39,0.215,28.4,0,21.15,2010.05957,0,0,0,7
258693,Residential,EMIRATI,United Arab Emirates,M,0,2012,2019,188.0906477,170.8333333,1,1194.935,2,3,1,198.9966667,ACTIVE,369.735,213.385,6.12,19.955,0,0,0,0,0,0,7
258694,Residential,YOUTH,United Arab Emirates,F,0,2012,2019,492.1876896,511.2283333,1,524.6166667,0,1,0,524.6166667,ACTIVE,188.775,216.47,9.21,20.875,0,0.99,4602.316406,0,0,0,7
258695,Residential,EXPATS,Jordan,F,0,2012,2019,606.8933415,597.1533333,1,1839.253333,1,5,0,565.9,ACTIVE,241.035,173.56,31.295,19.585,7.615,0.445,18739.35986,0,0,0,7
258696,Residential,EXPATS,India,M,0,2012,2019,199.4984772,277.5,1,766.435,3,1,2,229.3483333,ACTIVE,203.615,37.96,13.325,28.215,0,3.405,2446.86084,0,0,0,7
258697,Residential,EXPATS,Venezuela,M,0,2012,2019,571.8926352,589.1366667,1,2170.69,0,2,1,597.055,ACTIVE,118.73,29.265,7.15,34.96,119.095,4.3,13978.74072,0,0,0,7
258698,Residential,EXPATS,Ireland,M,0,2012,2019,334.3760013,332.09,1,1834.728333,0,2,1,310.4916667,ACTIVE,26.19,43.875,14.08,18.715,0,0.225,1320.794922,0,0,0,7
258699,Residential,EXPATS,Jordan,M,0,2012,2019,446.3165286,433.3333333,1,967.4466667,2,1,1,439.765,ACTIVE,1022.835,27.26,12.835,42.665,46.55,0,8050.063477,0,0,0,7
258700,Prestige,EXPATS,United Kingdom,M,0,2012,2019,595.8995,869.3416667,2,1398.485,0,2,1,852.405,ACTIVE,235.525,20.21,9.725,17.675,216.275,1.16,6366.328125,0,0,0,7
258701,Residential,EMIRATI,United Arab Emirates,F,0,2012,2019,425.3638634,434.8116667,1,395.4066667,0,1,0,395.4066667,ACTIVE,160.23,154.735,112.465,42.575,0,1.73,5920.664063,0,187,0,7
258702,Residential,EMIRATI,United Arab Emirates,F,0,2012,2019,665.4939572,734.8833333,1,703.1516667,0,1,0,703.1516667,ACTIVE,505.62,15.14,15.91,6.195,5.975,0,25107.36328,0,0,0,7
258703,Prestige,EXPATS,Egypt,M,0,2012,2019,841.0704911,840.0266667,1,3901.441667,5,3,2,800.0433333,ACTIVE,739.29,149.65,43.44,169.065,416.245,95.89,1429.21875,0,0,0,7
258704,Residential,EXPATS,Lebanon,M,0,2012,2019,100.0440514,113.5866667,1,898.8116667,1,2,1,108.1766667,ACTIVE,22.835,0,0,0.02,66.395,0,0,0,0,0,7
258705,Prestige,EXPATS,Lebanon,M,0,2012,2019,1015.089759,1022.593333,1,1631.101667,2,1,1,979.4416667,ACTIVE,980.53,522.8,30.75,64.045,61.775,38.59,12409.46191,0,0,0,7
258706,Residential,EXPATS,Egypt,M,0,2012,2019,509.9678016,378.9133333,2,1079.938333,0,2,1,328.8416667,ACTIVE,81.62,130.065,6.95,54.925,52.085,5.635,4694.570313,0,0,0,7
258707,Residential,EXPATS,Egypt,M,0,2012,2019,448.4144321,481.3233333,2,924.3816667,1,2,0,501.9716667,ACTIVE,251.255,371.76,41.47,35.5,10.42,0,3233.910645,0,0,0,7
258708,Residential,EXPATS,United Arab Emirates,M,0,2012,2019,0,0,0,1516.895,2,2,0,0,ACTIVE,0,0,0,0,0,0,0,0,0,0,7
258709,Residential,EXPATS,Philippines,M,0,2012,2019,161.0832957,171.6666667,1,416.91,0,1,1,157.91,ACTIVE,51.835,43.03,2.4,3.49,81.31,0,1074.802734,0,0,0,7
258710,Residential,EMIRATI,United Arab Emirates,M,0,2012,2019,205.7227507,314.1666667,1,1667.23,4,2,2,246.04,ACTIVE,57.96,2.21,6.65,0.02,18.8,0.01,97.63183594,0,0,0,7
258711,Residential,EXPATS,Egypt,M,0,2012,2019,54.47623155,186.1666667,1,895.1916667,0,4,1,87.59,ACTIVE,10.96,48.89,0,35.6,0,0.335,36.19628906,0,0,0,7
258712,Prestige,EMIRATI,United Arab Emirates,M,0,2012,2019,1669.200615,1775.06,5,2355.496667,12,1,0,1658.038333,ACTIVE,22.495,0,1.325,0.26,0,0,61363.91113,0,0,0,7
258713,Residential,EMIRATI,United Arab Emirates,M,0,2012,2019,279.8956984,285.1733333,1,2267.17,5,5,1,251.59,ACTIVE,154,141.525,28.395,54.1,0,0,16274.1084,0,0,0,7
258714,Residential,EMIRATI,United Arab Emirates,M,0,2012,2019,447.1711164,471.6666667,1,2656.69,0,3,2,449,ACTIVE,0,0,0,0,0,0,0,0,0,0,7
258715,Residential,EXPATS,Egypt,F,0,2012,2019,291.074056,314.9333333,2,297.175,1,1,0,296.2733333,ACTIVE,234.625,4.935,27.86,5.25,0,0.25,7727.658691,0,0,0,7
258716,Prestige,EMIRATI,United Arab Emirates,M,0,2012,2019,551.5718172,858.3333333,2,1886.9,1,2,2,580.5666667,Out Going Bar Confirmed,826.825,310.98,2.915,254.115,11.625,5.425,453.8916016,0,0,0,7
258717,Prestige,EXPATS,Sri Lanka,M,1,2012,2018,879.2817782,930.3766667,2,1152.861667,0,2,0,906.955,ACTIVE,269.005,277.435,65.95,46.725,44.1,2.075,1443.425781,0,0,0,6
258718,Residential,EXPATS,Syrian Arab Republic,M,0,2012,2019,433.1501233,495.515,2,885.2833333,3,2,1,384.4483333,ACTIVE,894.525,259.48,67.485,184.475,1.285,0,2566.800293,0,0,1,7
258719,Prestige,EMIRATI,United Arab Emirates,M,0,2012,2019,562.9667288,817.585,1,2026.875,1,2,1,789.6633333,ACTIVE,222.58,28.775,15.5,4.42,0.075,0.015,22332.64648,0,0,0,7
258720,Prestige,EMIRATI,United Arab Emirates,M,0,2012,2019,1002.376684,1079.4,1,3983.528333,6,2,2,1028,ACTIVE,0,0,0,0,0,0,51051.83984,0,0,0,7
258721,Residential,EXPATS,Philippines,F,0,2012,2019,378.3724664,373.1183333,1,374.115,0,1,0,374.115,ACTIVE,15.96,21.745,5.415,3.64,23.28,0.1,737.3193359,0,0,0,7
258722,Residential,EXPATS,United States of America,M,0,2012,2019,280.7148137,299.6366667,1,722.08,1,2,0,293.7016667,ACTIVE,12.625,1.4,11.85,4.335,58.36,0,3004.711426,0,0,0,7
258723,Prestige,YOUTH,Australia,M,1,2012,2018,729.3387351,760.595,1,1965.145,3,2,0,746.7466667,ACTIVE,383.8,62.505,13.635,40.26,27.765,6.71,8002.584961,0,0,0,6
258724,Residential,EXPATS,Ireland,M,0,2012,2019,687.8165886,608.3233333,1,528.3716667,0,1,0,528.3716667,ACTIVE,322.66,225.075,7.04,233.61,483.44,128.8,5169.92334,0,0,1,7
258725,Residential,EXPATS,Egypt,M,0,2012,2019,529.415977,571.4666667,3,2256.546667,2,3,1,498.7266667,ACTIVE,316.165,10.375,9.32,37.35,432.44,32,3685.328125,0,0,0,7
258726,Residential,EMIRATI,United Arab Emirates,M,0,2012,2019,244.1164082,262.5,1,2293.485,3,4,1,250,ACTIVE,518.83,1.14,3.73,28.925,0,0,11718.58887,0,0,0,7
258727,Residential,EXPATS,Egypt,M,0,2012,2019,583.7278058,606.7633333,1,1073.483333,0,2,0,591.96,ACTIVE,267.845,29.835,5.675,24.525,373.225,0.02,5514.407227,0,0,0,7
258728,Residential,EXPATS,Romania,M,0,2012,2019,446.0349891,554.8333333,2,2078.461667,2,3,1,449,ACTIVE,0,0,0,0,0,0,6073.608887,0,0,0,7
258729,Residential,EXPATS,Egypt,M,0,2012,2019,209.9959311,227.0116667,1,1332.718333,2,3,1,248.6833333,ACTIVE,829.905,1358.485,12.695,523.28,0.035,0.01,7223.464844,0,0,0,7
258730,Prestige,EXPATS,Lebanon,F,0,2012,2019,5377.809307,3994.01,2,2640.506667,0,1,0,2640.506667,ACTIVE,202.475,71.425,23.055,200.9,110.725,183.11,10557.89795,0,0,0,7
258731,Residential,EXPATS,United Kingdom,M,0,2012,2019,477.6956811,547.905,1,534.0033333,0,1,0,534.0033333,ACTIVE,616.02,402.57,32.635,62.54,35.715,12.725,6653.541992,0,0,0,7
258732,Residential,EXPATS,Philippines,F,0,2012,2019,61.82004757,59.53833333,1,136.07,0,2,0,52.41666667,ACTIVE,2.28,5.95,1.485,3.835,0,0,0,0,0,0,7
258733,Residential,EXPATS,United Kingdom,F,0,2012,2019,579.501066,564.3633333,1,470.555,0,1,0,470.555,ACTIVE,30.875,70.54,7.805,11.64,0,0.01,5420.257324,0,0,0,7
258734,Residential,EXPATS,Egypt,M,0,2012,2019,482.1465383,539.695,5,554.475,0,1,0,554.475,ACTIVE,536.08,708.19,60.16,79.85,141.535,18.275,5918.083496,0,0,1,7
258735,Residential,EXPATS,United Kingdom,F,0,2012,2019,440.8094103,489.5766667,1,867.555,1,1,1,474.2883333,ACTIVE,122,73.26,26.3,34.16,8.36,9.54,6159.716309,0,0,0,7
258736,Prestige,EMIRATI,United Arab Emirates,M,0,2012,2019,471.1107764,519.5,1,2410.75,2,4,1,501.7333333,ACTIVE,882.51,94.69,138.535,76.485,0,0,15912.04248,0,0,0,7
258737,Residential,EMIRATI,United Arab Emirates,M,0,2012,2019,412.8287135,466.2116667,1,1153.258333,2,2,1,440.4,ACTIVE,407.485,97.505,19.375,0.275,0,0,14189.01221,0,0,0,7
258738,Prestige,EMIRATI,United Arab Emirates,M,0,2012,2019,441.3416,383.3333333,1,1535.691667,0,3,0,468.3783333,ACTIVE,143.62,13.915,6.975,1.225,0,0.935,433.9692383,0,0,0,7
258739,Residential,EMIRATI,United Arab Emirates,M,0,2012,2019,71.44456288,73.78333333,1,1481.41,3,3,1,74,ACTIVE,0,0,0,0,0,0,0,0,0,0,7
258740,Prestige,EMIRATI,United Arab Emirates,M,0,2012,2019,492.5951507,475.1666667,3,5389.853333,24,3,1,445.5566667,ACTIVE,374.08,446.295,51.825,4.18,0,0,7580.289063,0,0,0,7
258741,Residential,EMIRATI,United Arab Emirates,M,0,2012,2019,173.4096842,204.85,2,901.85,3,2,4,190.6383333,ACTIVE,389.09,136.8,76.425,176.695,0,0.01,2268.70752,0,0,0,7
258742,Prestige,EXPATS,India,F,0,2012,2019,2905.185468,3523.203333,1,4178.558333,0,4,2,3537.891667,ACTIVE,302.26,19.515,0.265,11.67,95.215,0.315,9336.821289,0,0,0,7
258743,Residential,EMIRATI,United Arab Emirates,M,0,2012,2019,287.1264179,324.565,1,1659.56,4,6,0,326.555,ACTIVE,243.095,348.05,11.45,33.085,77.025,24.33,53.18847656,0,0,0,7
258744,Residential,EXPATS,India,M,0,2012,2019,176.0897161,231.6666667,1,629.715,0,1,1,213.5616667,ACTIVE,132.545,231.83,6.09,74.81,28.655,20.03,97.22167969,0,0,0,7
258745,Prestige,EMIRATI,United Arab Emirates,F,0,2012,2019,832.7343607,916.6666667,1,2696.448333,1,3,2,811.92,ACTIVE,1587.51,34.905,45.275,11.89,0,0,18958.95996,0,0,0,7
258746,Residential,EXPATS,Brazil,M,0,2012,2019,393.3427809,505.6566667,1,1722.561667,0,2,0,555.1733333,Out Going Bar Confirmed,209.88,15.835,30.73,2.54,78.3,0,4448.068848,0,0,0,7
258747,Residential,EXPATS,Iran,F,0,2012,2019,31.34297522,31.25333333,1,29.13333333,0,1,0,29.13333333,ACTIVE,28.125,102.61,4.425,46.09,0,10.7,0,0,82.5,0,7
258748,Residential,EXPATS,Syrian Arab Republic,M,0,2012,2019,227.0067593,196.035,1,2553.455,1,5,1,155.88,ACTIVE,30,37.89,0,0.025,0,0.01,1027.646484,0,0,0,7
258749,Residential,EXPATS,Eritrea,M,0,2012,2019,283.7844669,316.0983333,1,854.355,0,2,1,271.065,ACTIVE,98.325,131.44,6.99,73.41,12.075,49.49,875.3066406,0,0,0,7
258750,Residential,EMIRATI,United Arab Emirates,M,0,2012,2019,189.1012903,304.6366667,1,773.3416667,2,2,0,282.965,ACTIVE,194.455,177.835,0,9.485,0,0.2,0.336914063,0,0,0,7
258751,Residential,EXPATS,India,M,0,2012,2019,49.87342588,51.45,1,54707.44167,0,48,39,49.54666667,ACTIVE,60.475,76.325,14.775,15.165,0,0.285,0,0,0,0,7
258752,Residential,EXPATS,Oman,M,0,2012,2019,1863.673273,1520,2,3936.095,10,5,0,1569.82,ACTIVE,1537.11,876.5,32.11,284.525,441.265,183.5,35405.73535,0,0,0,7
258753,Prestige,EXPATS,Jordan,M,0,2012,2019,1718.974892,1820.595,1,6680.406667,11,10,3,1730.035,ACTIVE,2357.56,49.355,32.71,56.005,66.35,2.16,3678.110352,0,0,1,7
258754,Residential,EXPATS,Pakistan,M,0,2012,2019,29.22055373,30.5,1,1565.928333,3,3,1,29,ACTIVE,0,0,0,0,0,0,0,0,0,0,7
258755,Residential,EMIRATI,United Arab Emirates,M,0,2012,2019,324.9368378,339.3933333,1,1007.68,3,3,1,311.9566667,ACTIVE,258.945,65.44,7.34,32.26,229.605,10.55,6596.196777,0,0,0,7
258756,Residential,EXPATS,Hungary,F,0,2012,2019,283.9061707,286.3666667,1,307.4583333,0,1,0,307.4583333,ACTIVE,73.525,1.615,1.66,5.09,1.385,0.055,4662.451172,0,0,0,7
258757,Prestige,EMIRATI,United Arab Emirates,M,0,2012,2019,599.9832898,552.5,1,1920.465,3,2,0,530.6183333,ACTIVE,85.76,20.235,1.31,0.015,10.37,0,11615.53711,0,0,0,7
258758,Residential,EXPATS,Iran,M,0,2012,2019,101.6763117,128.625,1,169.87,0,1,0,169.87,ACTIVE,0,0,0,0,0,0,0,0,0,0,7
258759,Residential,EXPATS,Iran,M,0,2012,2019,307.2705277,328.9616667,1,1030.29,0,1,1,314.965,ACTIVE,62.59,8.885,49.425,26.03,71.115,8.89,3268.461914,0,0,0,7
258760,Prestige,EXPATS,India,M,0,2012,2019,1987.396351,1760.008333,1,2368.621667,1,1,1,1538.413333,ACTIVE,241.075,186.19,5.86,100.345,196.185,73.875,606.3676758,0,0,0,7
258761,Prestige,EMIRATI,United Arab Emirates,F,0,2012,2019,846.6241007,912.335,1,5464.755,1,7,0,902.34,ACTIVE,208.48,18.19,15.04,3.23,0,0,36107.94727,0,0,0,7
258762,Prestige,EXPATS,Germany,M,0,2012,2019,1395.624285,1471.275,1,1300.63,0,1,0,1300.63,ACTIVE,55.805,60.81,1.845,72.58,151.44,55.1,3714.012695,0,0,0,7
258763,Residential,EXPATS,Iran,M,0,2012,2019,26.1514039,32.08333333,2,583.6766667,6,3,0,25,ACTIVE,0,0,0,0,0,0,0,0,0,0,7
258764,Residential,EMIRATI,United Arab Emirates,M,0,2012,2019,28.31485318,15.16666667,1,2171.02,2,4,0,29,ACTIVE,0.75,0,0,0,0,0,0,0,0,0,7
258765,Residential,EXPATS,Pakistan,M,0,2012,2019,101.5659327,95.83333333,1,933.1083333,0,3,1,99,ACTIVE,0,0,0,0,0,0,0,0,0,0,7
258766,Residential,EXPATS,Jordan,M,0,2012,2019,630.7700523,596.6583333,1,4459.995,2,7,1,594.2716667,ACTIVE,931.44,21.315,16.025,3.76,6.495,0.35,7756.15625,0,0,0,7
258767,Prestige,EMIRATI,United Arab Emirates,M,0,2012,2019,746.1345105,949.025,2,5452.778333,4,7,0,984.0016667,ACTIVE,0,1.165,0,0.495,0,0,0,0,0,0,7
258768,Residential,EXPATS,Kazakstan,F,0,2012,2019,779.022841,664.9166667,2,401.8483333,0,1,0,401.8483333,ACTIVE,8.425,7.57,10.65,2.55,0,0,375.3476563,0,0,0,7
258769,Residential,EXPATS,Oman,M,0,2012,2019,128.0636099,127.2983333,1,355.2333333,2,1,0,117.745,ACTIVE,201.425,122.195,11.495,16.25,3.71,0,0,0,38.5,0,7
258770,Prestige,EMIRATI,United Arab Emirates,M,0,2012,2019,613.5350762,684.4116667,2,2163.018333,5,4,0,595.9833333,ACTIVE,1021.505,959.725,14.95,6.16,0,0,23356.15918,0,0,0,7
258771,Residential,EMIRATI,United Arab Emirates,M,1,2012,2018,519.4576814,568.2183333,1,832.115,3,2,0,447.3116667,ACTIVE,149.8,58.32,3.65,3.5,0,0,839.3847656,0,0,0,6
258772,Residential,EXPATS,Saudi Arabia,M,0,2012,2019,429.0667889,484,1,462.1083333,0,1,0,462.1083333,ACTIVE,100.535,26.915,12.475,93.465,191.125,81.625,854.4561367,0,0,0,7
258773,Residential,EMIRATI,United Arab Emirates,M,0,2012,2019,75.19941976,50.95,1,1136.323333,2,4,5,66.735,Out Going Bar Confirmed,0,0,0,0,0,0,0.029296875,0,0,0,7
258774,Prestige,EMIRATI,United Arab Emirates,F,0,2012,2019,890.3186895,919.58,1,843.2933333,0,1,0,843.2933333,ACTIVE,489.955,1582.435,22.625,14.555,0,0.015,8048.393555,0,0,0,7
258775,Residential,EXPATS,United Arab Emirates,U,1,2012,2018,291.9628028,258.125,1,545537.0617,60,1282,148,295,ACTIVE,0,0,0,0,0,0,0,0,0,0,6
258776,Residential,EXPATS,United Arab Emirates,U,0,2012,2019,0,0,0,545537.0617,60,1282,148,0,ACTIVE,0,0,0,0,0,0,0,0,0,0,7
258777,Residential,EXPATS,Lebanon,M,0,2012,2019,264.0881075,262.56,1,1062.008333,0,3,1,245.7233333,ACTIVE,479.275,39.395,15.15,63.155,0,3.705,820.3125,0,4,0,7
258778,Prestige,EMIRATI,United Arab Emirates,M,0,2012,2019,1054.629072,1098.56,1,1173.486667,0,2,0,923.4866667,ACTIVE,559.205,24.3,37.905,27.7,132.075,22.765,19848.41309,0,0,0,7
258779,Prestige,EMIRATI,United Arab Emirates,M,0,2012,2019,878.8773072,920.115,2,1201.966667,1,2,0,883.3883333,ACTIVE,1627.475,38.23,70.585,31.41,43.79,4.545,12624.56104,0,0,0,7
258780,Residential,EMIRATI,United Arab Emirates,F,0,2012,2019,364.4385798,266.205,2,339.8283333,1,1,0,295.4216667,ACTIVE,1262.16,25.565,16.295,2.825,0,0,4232.771484,0,0,0,7
258781,Residential,EXPATS,Syrian Arab Republic,M,0,2012,2019,105.5932304,118.375,1,1438.745,0,4,0,113.1666667,Out Going Bar Confirmed,0,0,0,0,0,0,0,0,0,0,7
258782,Prestige,EMIRATI,United Arab Emirates,M,0,2012,2019,1273.239854,2361.591667,2,6184.831667,1,3,2,1874.446667,ACTIVE,170.48,16.39,6.085,18.315,0,1.565,23065.49854,0,0,0,7
258783,Residential,EXPATS,Egypt,M,0,2012,2019,352.5435238,349.16,1,1498.336667,4,3,1,304.72,ACTIVE,166.32,3.71,4.56,2.455,2.885,0.025,1521.049805,0,0,0,7
258784,Prestige,EXPATS,Egypt,M,0,2012,2019,408.0974562,506.5,2,240.7416667,1,1,0,240.7416667,Out Going Bar Confirmed,336.41,150.685,6.005,100.34,0.06,51.87,97.67578125,0,0,0,7
258785,Residential,EMIRATI,United Arab Emirates,M,0,2012,2019,709.0849968,749.6366667,1,2173.366667,2,4,5,681.8016667,ACTIVE,2205.165,80.72,4.785,8.975,47.71,0.01,24294.93799,0,0,0,7
258786,Residential,EXPATS,Jordan,M,0,2012,2019,584.9279339,627.07,3,1119.018333,0,1,1,587.0183333,ACTIVE,214.885,28.835,37.06,32.86,207.26,0.05,6230.773926,0,0,0,7
258787,Residential,EXPATS,India,M,0,2012,2019,329.0955244,342.2466667,1,381.7533333,2,1,0,327.9483333,ACTIVE,1191.85,1263.165,55.345,349.265,6.15,145.335,3916.057617,0,0,0,7
258788,Residential,EXPATS,India,M,0,2012,2019,229.5368724,346.6366667,2,1083.6,8,2,1,351.5066667,ACTIVE,74.135,75.7,2.855,103.3,309.915,25.315,831.6572266,0,0,0,7
258789,Residential,EMIRATI,United Arab Emirates,F,0,2012,2019,332.8947083,442.425,1,443.67,0,1,0,443.67,ACTIVE,868.8,22.44,42.59,4.835,0.075,0,7383.481445,0,0,0,7
258790,Residential,EMIRATI,United Arab Emirates,M,0,2012,2019,511.73835,565.6316667,2,391.59,1,1,0,390.1433333,ACTIVE,118.44,103.17,12.61,24.84,6.94,0,9702.729492,0,0,0,7
258791,Residential,EXPATS,India,M,0,2012,2019,326.3012582,360.4516667,1,346.4683333,1,1,0,346.4683333,ACTIVE,289.06,197.905,9.94,58.525,0,33.595,5656.178711,0,0,0,7
258792,Residential,EXPATS,India,M,0,2012,2019,347.2177382,364.1666667,1,2234.946667,0,3,2,344.48,ACTIVE,442.015,318.625,8.75,74.215,40.055,47.11,5070.258301,0,0,0,7
258793,Residential,EMIRATI,United Arab Emirates,M,1,2012,2018,100.5350904,103.95,1,900.1366667,3,4,1,99,ACTIVE,0,0,0,0,0,0,0,0,0,0,6
258794,Prestige,EMIRATI,United Arab Emirates,M,0,2012,2019,1495.810923,1463.913333,1,4217.411667,4,4,1,1312.413333,ACTIVE,632.21,16.055,37.775,2.075,48.815,0,38558.55762,0,0,0,7
258795,Residential,YOUTH,United Arab Emirates,F,0,2012,2019,127.0869291,200,1,147.0216667,0,1,0,147.0216667,ACTIVE,44.245,14.055,4.5,1.53,0,0,0.336914063,0,0,0,7
258796,Residential,EXPATS,India,M,0,2012,2019,30.14342397,30.88,1,403.5166667,0,1,1,29.51666667,ACTIVE,2.375,25.835,0,24.755,0,0.46,0,0,0,0,7
258797,Residential,EXPATS,Lebanon,M,0,2012,2019,118.0274725,116.4566667,2,234.0516667,1,2,0,122.1633333,ACTIVE,17.42,300.105,0.585,137.27,8.815,9.655,94.34570313,0,0,1,7
258798,Prestige,EMIRATI,United Arab Emirates,M,0,2012,2019,517.0130102,613.8333333,1,3764.81,4,4,2,665.7816667,ACTIVE,1379.3,14.27,25.665,3.63,0,0,11585.43604,0,0,0,7
258799,Residential,EXPATS,Egypt,M,0,2012,2019,331.5353359,348.0333333,2,340.2383333,0,1,0,340.2383333,TOSSED,22.76,4.515,0,3.675,71.27,0,122.578125,0,0,0,7
258800,Residential,EXPATS,Lebanon,F,0,2012,2019,417.5682866,450.4016667,1,1136.205,1,1,1,449.0133333,ACTIVE,80.19,88.61,13.645,16.915,4.325,5.99,3006.291992,0,0,0,7
258801,Residential,EXPATS,India,F,0,2012,2019,153.1554664,161.9416667,1,154.4983333,1,1,0,154.1516667,ACTIVE,74.045,65.585,15.165,23.485,142.16,2.71,2735.490723,0,0,0,7
258802,Residential,EXPATS,Syrian Arab Republic,M,0,2012,2019,362.2333268,312.49,2,603.0216667,2,2,0,286.3366667,ACTIVE,685.785,55.07,16.665,144.63,91.96,61.14,2851.495117,0,0,0,7
258803,Prestige,EMIRATI,United Arab Emirates,M,0,2012,2019,278.0161183,259.2883333,1,666.1666667,2,2,0,261.135,ACTIVE,120.095,24.11,20.05,0.075,0,0,15294.31592,0,0,0,7
258804,Residential,EXPATS,Palestinian Territory,M,0,2012,2019,50.59161388,43.75,1,4077.185,2,5,2,50,ACTIVE,0,0,0,0,0,0,0,0,0,0,7
258805,Residential,EXPATS,Palestinian Territory,M,0,2012,2019,170.3973582,185.3766667,1,1291.401667,1,3,1,174.37,ACTIVE,0,1.42,0.975,3.865,0,0,462.0263672,0,0,0,7
258806,Prestige,EMIRATI,United Arab Emirates,M,0,2012,2019,1041.855002,1199.166667,3,1739.623333,3,1,0,1075.468333,ACTIVE,190.675,156.16,23.675,22.915,0,0,19867.94678,0,0,0,7
258807,Prestige,EXPATS,Lebanon,M,0,2012,2019,1815.863566,1348.216667,1,1684.49,1,1,1,1152.555,ACTIVE,1094.825,1180.755,32.655,230.46,399.375,72.34,9168.019043,0,0,0,7
258808,Residential,EMIRATI,United Arab Emirates,M,0,2012,2019,259.2961352,277.08,1,1307.055,0,2,1,259.1933333,ACTIVE,30.74,5.455,34.115,22.76,34.98,16.595,5919.057617,0,0,0,7
258809,Residential,EMIRATI,United Arab Emirates,M,0,2012,2019,531.4018461,612.8483333,3,1591.301667,2,1,2,631.3933333,ACTIVE,468.865,87.265,21.505,22.885,0,0,11165.34131,0,0,0,7
258810,Prestige,EXPATS,Morocco,F,0,2012,2019,811.8977474,797,2,1004.488333,1,2,0,848.66,ACTIVE,642.165,40.995,47.75,11.875,117.685,6.975,16798.05859,0,0,0,7
258811,Prestige,EXPATS,Syrian Arab Republic,M,0,2012,2019,461.4378146,456.8333333,1,1257.675,5,2,5,419.5,ACTIVE,440.54,576.31,58.525,196.96,62.82,106.9,10549.90625,0,0,0,7
